[
  {
    "resourceType": "Encounter",
    "id": "encounter-refugee-admission",
    "status": "in-progress",
    "class": {
      "system": "http://terminology.hl7.org/CodeSystem/v3-ActCode",
      "code": "AMB",
      "display": "ambulatory"
    },
    "subject": {
      "reference": "Patient/patient-refugee-example"
    },
    "period": {
      "start": "2024-03-01"
    }
  },
  {
    "resourceType": "Encounter",
    "id": "encounter-er-visit",
    "status": "finished",
    "class": {
      "system": "http://terminology.hl7.org/CodeSystem/v3-ActCode",
      "code": "EMER",
      "display": "emergency"
    },
    "subject": {
      "reference": "Patient/patient-er-visit-example"
    },
    "period": {
      "start": "2024-03-05T12:00:00+02:00",
      "end": "2024-03-05T16:30:00.123Z"
    }
  },
  {
    "resourceType": "Encounter",
    "id": "encounter-dayonly-checkin",
    "status": "finished",
    "class": {
      "system": "http://terminology.hl7.org/CodeSystem/v3-ActCode",
      "code": "AMB",
      "display": "ambulatory"
    },
    "subject": {
      "reference": "Patient/patient-dayonly-procedure"
    },
    "period": {
      "start": "2024-01-15T08:00:00-05:00"
    }
  },
  {
    "resourceType": "Encounter",
    "id": "encounter-discharge-transfer",
    "status": "finished",
    "class": {
      "system": "http://terminology.hl7.org/CodeSystem/v3-ActCode",
      "code": "IMP",
      "display": "inpatient encounter"
    },
    "subject": {
      "reference": "Patient/patient-discharge-transfer"
    },
    "period": {
      "end": "2024-01-20T17:30:00.000Z"
    }
  },
  {
    "resourceType": "Encounter",
    "id": "encounter-yearonly-start",
    "status": "finished",
    "class": {
      "system": "http://terminology.hl7.org/CodeSystem/v3-ActCode",
      "code": "AMB",
      "display": "Ambulatory"
    },
    "subject": {
      "reference": "Patient/patient-encounter-yearonly"
    },
    "period": {
      "start": "2024"
    }
  }
]
