[
  {
    "resourceType": "Observation",
    "id": "fsi-Observation-ComponentValueBoolean",
    "status": "final",
    "code": {
      "coding": [
        {
          "system": "http://loinc.org",
          "code": "29463-7",
          "display": "Body Weight"
        }
      ],
      "text": "Body Weight"
    },
    "subject": {
      "reference": "Patient/fsi-Patient"
    },
    "effectiveDateTime": "2023-01-01T10:00:00Z",
    "component": [
      {
        "code": {
          "coding": [
            {
              "system": "http://loinc.org",
              "code": "82810-3",
              "display": "Weight Status"
            }
          ],
          "text": "Weight Status"
        },
        "valueBoolean": true
      }
    ],
    "meta": {
      "tag": [
        {
          "system": "http://hl7.org/fhir/common-tags",
          "code": "actionable"
        }
      ]
    }
  },
  {
    "resourceType": "Observation",
    "id": "fsi-Observation-ComponentValueCodeableConcept",
    "status": "final",
    "code": {
      "coding": [
        {
          "system": "http://loinc.org",
          "code": "85354-9",
          "display": "Blood Pressure"
        }
      ],
      "text": "Blood Pressure"
    },
    "subject": {
      "reference": "Patient/fsi-Patient"
    },
    "effectiveDateTime": "2022-01-01T10:00:00Z",
    "component": [
      {
        "code": {
          "coding": [
            {
              "system": "http://loinc.org",
              "code": "8480-6",
              "display": "Systolic blood pressure"
            }
          ],
          "text": "Systolic blood pressure"
        },
        "valueCodeableConcept": {
          "coding": [
            {
              "system": "http://snomed.info/sct",
              "code": "16303007",
              "display": "Elevated"
            }
          ],
          "text": "Elevated"
        }
      }
    ]
  },
  {
    "resourceType": "Observation",
    "id": "fsi-Observation-ComponentValueDateTime",
    "status": "final",
    "code": {
      "coding": [
        {
          "system": "http://loinc.org",
          "code": "85354-9",
          "display": "Blood Pressure"
        }
      ],
      "text": "Blood Pressure"
    },
    "subject": {
      "reference": "Patient/fsi-Patient"
    },
    "effectiveDateTime": "2022-01-01T10:00:00Z",
    "component": [
      {
        "code": {
          "coding": [
            {
              "system": "http://loinc.org",
              "code": "8462-4",
              "display": "Diastolic Blood Pressure"
            }
          ],
          "text": "Diastolic Blood Pressure"
        },
        "valueDateTime": "2022-01-01T09:55:00Z"
      },
      {
        "code": {
          "coding": [
            {
              "system": "http://loinc.org",
              "code": "8480-6",
              "display": "Systolic Blood Pressure"
            }
          ],
          "text": "Systolic Blood Pressure"
        },
        "valueDateTime": "2022-01-01T09:50:00Z"
      }
    ]
  },
  {
    "resourceType": "Observation",
    "id": "fsi-Observation-ComponentValueInteger",
    "status": "final",
    "code": {
      "coding": [
        {
          "system": "http://loinc.org",
          "code": "8302-2",
          "display": "Body Height"
        }
      ],
      "text": "Body Height"
    },
    "subject": {
      "reference": "Patient/fsi-Patient"
    },
    "effectiveDateTime": "2022-01-01T10:00:00Z",
    "component": [
      {
        "code": {
          "coding": [
            {
              "system": "http://loinc.org",
              "code": "8306-3",
              "display": "Body Height Percentile"
            }
          ],
          "text": "Body Height Percentile"
        },
        "valueInteger": 75
      }
    ]
  },
  {
    "resourceType": "Observation",
    "id": "fsi-Observation-ComponentValuePeriod",
    "status": "final",
    "code": {
      "coding": [
        {
          "system": "http://loinc.org",
          "code": "72166-2",
          "display": "Sleep Duration"
        }
      ],
      "text": "Sleep Duration"
    },
    "subject": {
      "reference": "Patient/fsi-Patient"
    },
    "effectiveDateTime": "2022-01-01T10:00:00Z",
    "component": [
      {
        "code": {
          "coding": [
            {
              "system": "http://loinc.org",
              "code": "56116-3",
              "display": "Nightly Sleep Duration"
            }
          ],
          "text": "Nightly Sleep Duration"
        },
        "valuePeriod": {
          "start": "2022-01-01T22:00:00Z",
          "end": "2022-01-02T06:00:00Z"
        }
      }
    ]
  },
  {
    "resourceType": "Observation",
    "id": "fsi-Observation-ComponentValueQuantity",
    "status": "final",
    "code": {
      "coding": [
        {
          "system": "http://loinc.org",
          "code": "8480-6",
          "display": "Systolic blood pressure"
        }
      ],
      "text": "Systolic blood pressure"
    },
    "subject": {
      "reference": "Patient/fsi-Patient"
    },
    "effectiveDateTime": "2022-01-01T10:00:00Z",
    "component": [
      {
        "code": {
          "coding": [
            {
              "system": "http://loinc.org",
              "code": "8462-4",
              "display": "Diastolic blood pressure"
            }
          ],
          "text": "Diastolic blood pressure"
        },
        "valueQuantity": {
          "value": 81,
          "unit": "mmHg"
        }
      }
    ]
  },
  {
    "resourceType": "Observation",
    "id": "fsi-Observation-ComponentValueQuantityUcum",
    "status": "final",
    "code": {
      "coding": [
        {
          "system": "http://loinc.org",
          "code": "8480-6",
          "display": "Systolic blood pressure"
        }
      ],
      "text": "Systolic blood pressure"
    },
    "subject": {
      "reference": "Patient/fsi-Patient"
    },
    "effectiveDateTime": "2022-01-01T10:00:00Z",
    "component": [
      {
        "code": {
          "coding": [
            {
              "system": "http://loinc.org",
              "code": "8462-4",
              "display": "Diastolic blood pressure"
            }
          ],
          "text": "Diastolic blood pressure"
        },
        "valueQuantity": {
          "value": 80,
          "unit": "mmHg",
          "system": "http://unitsofmeasure.org",
          "code": "mm[Hg]"
        }
      }
    ]
  },
  {
    "resourceType": "Observation",
    "id": "fsi-Observation-ComponentValueQuantityUcumMoreThan4Components",
    "status": "final",
    "code": {
      "coding": [
        {
          "system": "http://loinc.org",
          "code": "85353-1",
          "display": "Vital Signs"
        }
      ],
      "text": "Vital Signs"
    },
    "subject": {
      "reference": "Patient/fsi-Patient"
    },
    "effectiveDateTime": "2022-01-01T10:00:00Z",
    "component": [
      {
        "code": {
          "coding": [
            {
              "system": "http://loinc.org",
              "code": "67850-9",
              "display": "Heart Rate"
            }
          ],
          "text": "Heart Rate"
        },
        "valueQuantity": {
          "value": 75,
          "unit": "beats per minute",
          "system": "http://unitsofmeasure.org",
          "code": "/min"
        }
      },
      {
        "code": {
          "coding": [
            {
              "system": "http://loinc.org",
              "code": "8302-2",
              "display": "Body Temperature"
            }
          ],
          "text": "Body Temperature"
        },
        "valueQuantity": {
          "value": 37.2,
          "unit": "degrees Celsius",
          "system": "http://unitsofmeasure.org",
          "code": "Cel"
        }
      },
      {
        "code": {
          "coding": [
            {
              "system": "http://loinc.org",
              "code": "8302-2",
              "display": "Blood Pressure"
            }
          ],
          "text": "Blood Pressure"
        },
        "valueQuantity": {
          "value": 120,
          "unit": "mmHg",
          "system": "http://unitsofmeasure.org",
          "code": "mm[Hg]"
        }
      },
      {
        "code": {
          "coding": [
            {
              "system": "http://loinc.org",
              "code": "29463-7",
              "display": "Body Weight"
            }
          ],
          "text": "Body Weight"
        },
        "valueQuantity": {
          "value": 70,
          "unit": "kilograms",
          "system": "http://unitsofmeasure.org",
          "code": "kg"
        }
      },
      {
        "code": {
          "coding": [
            {
              "system": "http://loinc.org",
              "code": "8480-6",
              "display": "Systolic Blood Pressure"
            }
          ],
          "text": "Systolic Blood Pressure"
        },
        "valueQuantity": {
          "value": 120,
          "unit": "mmHg",
          "system": "http://unitsofmeasure.org",
          "code": "mm[Hg]"
        }
      }
    ]
  },
  {
    "resourceType": "Observation",
    "id": "fsi-Observation-ComponentValueRange",
    "status": "final",
    "code": {
      "coding": [
        {
          "system": "http://loinc.org",
          "code": "29463-7",
          "display": "Body Weight"
        }
      ],
      "text": "Body Weight"
    },
    "subject": {
      "reference": "Patient/fsi-Patient"
    },
    "effectiveDateTime": "2022-01-01T10:00:00Z",
    "component": [
      {
        "code": {
          "coding": [
            {
              "system": "http://loinc.org",
              "code": "8302-2",
              "display": "Patient's Height"
            }
          ],
          "text": "Patient's Height"
        },
        "valueRange": {
          "low": {
            "value": 150,
            "unit": "cm",
            "system": "http://unitsofmeasure.org",
            "code": "cm"
          },
          "high": {
            "value": 180,
            "unit": "cm",
            "system": "http://unitsofmeasure.org",
            "code": "cm"
          }
        }
      }
    ]
  },
  {
    "resourceType": "Observation",
    "id": "fsi-Observation-ComponentValueRatio",
    "status": "final",
    "code": {
      "coding": [
        {
          "system": "http://loinc.org",
          "code": "29463-7",
          "display": "Body Weight"
        }
      ],
      "text": "Body Weight"
    },
    "subject": {
      "reference": "Patient/fsi-Patient"
    },
    "effectiveDateTime": "2022-01-01T10:00:00Z",
    "component": [
      {
        "code": {
          "coding": [
            {
              "system": "http://loinc.org",
              "code": "8280-1",
              "display": "Body Mass Index"
            }
          ],
          "text": "Body Mass Index"
        },
        "valueRatio": {
          "numerator": {
            "value": 75,
            "unit": "kg",
            "system": "http://unitsofmeasure.org",
            "code": "kg"
          },
          "denominator": {
            "value": 1.75,
            "unit": "m",
            "system": "http://unitsofmeasure.org",
            "code": "m"
          }
        }
      }
    ]
  },
  {
    "resourceType": "Observation",
    "id": "fsi-Observation-ComponentValueSampledData",
    "status": "final",
    "code": {
      "coding": [
        {
          "system": "http://loinc.org",
          "code": "8867-4",
          "display": "Electrocardiogram"
        }
      ],
      "text": "Electrocardiogram"
    },
    "subject": {
      "reference": "Patient/fsi-Patient"
    },
    "effectiveDateTime": "2022-01-01T10:00:00Z",
    "component": [
      {
        "code": {
          "coding": [
            {
              "system": "http://loinc.org",
              "code": "67850-9",
              "display": "Heart Rate"
            }
          ],
          "text": "Heart Rate"
        },
        "valueSampledData": {
          "origin": {
            "value": 0,
            "unit": "ms",
            "system": "http://unitsofmeasure.org",
            "code": "ms"
          },
          "period": 10,
          "factor": 1,
          "lowerLimit": 0,
          "upperLimit": 200,
          "dimensions": 1,
          "data": "AAAABBBBCCCCDDDDEEEEFFFFGGGGHHHHIIIIJJJJKKKKLLLLMMMMNNNNOOOOPPPPQQQQRRRRSSSSTTTTUUUUVVVVWWWWXXXXYYYYZZZZ"
        }
      }
    ]
  },
  {
    "resourceType": "Observation",
    "id": "fsi-Observation-ComponentValueString",
    "status": "final",
    "code": {
      "coding": [
        {
          "system": "http://loinc.org",
          "code": "8310-5",
          "display": "Body Height"
        }
      ],
      "text": "Body Height"
    },
    "subject": {
      "reference": "Patient/fsi-Patient"
    },
    "effectivePeriod": {
      "start": "2010"
    },
    "component": [
      {
        "code": {
          "coding": [
            {
              "system": "http://loinc.org",
              "code": "8302-2",
              "display": "Patient's height"
            }
          ],
          "text": "Patient's height"
        },
        "valueString": "175 cm"
      }
    ]
  },
  {
    "resourceType": "Observation",
    "id": "fsi-Observation-ComponentValueTime",
    "status": "final",
    "code": {
      "coding": [
        {
          "system": "http://loinc.org",
          "code": "31589-3",
          "display": "Last Meal Time"
        }
      ],
      "text": "Last Meal Time"
    },
    "subject": {
      "reference": "Patient/fsi-Patient"
    },
    "effectivePeriod": {
      "end": "2012-09-11T08:08:00+02:00"
    },
    "component": [
      {
        "code": {
          "coding": [
            {
              "system": "http://loinc.org",
              "code": "31519-0",
              "display": "Time of Last Meal"
            }
          ],
          "text": "Time of Last Meal"
        },
        "valueTime": "18:30:00"
      }
    ]
  },
  {
    "resourceType": "Observation",
    "id": "fsi-Observation-Display",
    "status": "final",
    "code": {
      "coding": [
        {
          "system": "http://somesystem.org",
          "display": "testDisplay"
        }
      ]
    },
    "subject": {
      "reference": "Patient/fsi-Patient-Identifier",
      "display": "fsi-Patient-Identifier-Display",
      "identifier": {
        "system": "http://www.example.org",
        "value": "fsi-Patient-Identifier",
        "use": "official",
        "period": {
          "start": "2001-05-06"
        },
        "assigner": {
          "display": "Acme Healthcare"
        },
        "type": {
          "coding": [
            {
              "system": "http://terminology.hl7.org/CodeSystem/v2-0203",
              "code": "MR",
              "display": "446053"
            }
          ],
          "text": "Medical record number"
        }
      }
    },
    "effectivePeriod": {
      "end": "2011-10-20"
    },
    "valueTime": "08:30:00"
  },
  {
    "resourceType": "Observation",
    "id": "fsi-Observation-ExampleCodeSystem",
    "status": "final",
    "code": {
      "coding": [
        {
          "system": "http://example.org",
          "code": "my-code"
        }
      ]
    },
    "subject": {
      "reference": "fsi-Patient"
    },
    "effectivePeriod": {
      "end": "2010-02"
    },
    "valueTime": "02:30:00"
  },
  {
    "resourceType": "Observation",
    "id": "fsi-Observation-ExampleCodeWithoutSystem",
    "status": "final",
    "code": {
      "coding": [
        {
          "code": "my-code"
        }
      ]
    },
    "subject": {
      "reference": "fsi-Patient"
    },
    "effectivePeriod": {
      "end": "2012"
    },
    "valueTime": "02:30:00"
  },
  {
    "resourceType": "Observation",
    "id": "fsi-Observation-ValueBoolean",
    "status": "final",
    "code": {
      "coding": [
        {
          "system": "http://loinc.org",
          "code": "15074-8",
          "display": "Fever Present"
        }
      ],
      "text": "Fever Present"
    },
    "issued": "2017-06-14T01:16:01.549Z",
    "subject": {
      "reference": "Patient/fsi-Patient"
    },
    "effectivePeriod": {
      "start": "2014-02-02"
    },
    "valueBoolean": true
  },
  {
    "resourceType": "Observation",
    "id": "fsi-Observation-ValueCodeableConcept",
    "status": "final",
    "code": {
      "coding": [
        {
          "system": "http://loinc.org",
          "code": "8302-2",
          "display": "Body Height"
        }
      ],
      "text": "Body Height"
    },
    "subject": {
      "reference": "Patient/fsi-Patient"
    },
    "issued": "2020-10-17T01:28:48.107+02:00",
    "effectivePeriod": {
      "start": "2013-08"
    },
    "valueCodeableConcept": {
      "coding": [
        {
          "system": "http://snomed.info/sct",
          "code": "50373000",
          "display": "Normal"
        }
      ],
      "text": "Normal"
    }
  },
  {
    "resourceType": "Observation",
    "id": "fsi-Observation-ValueDateTime",
    "status": "final",
    "code": {
      "coding": [
        {
          "system": "http://loinc.org",
          "code": "85354-9",
          "display": "Blood Pressure"
        }
      ],
      "text": "Blood Pressure"
    },
    "subject": {
      "reference": "Patient/fsi-Patient"
    },
    "issued": "2015-11-23T00:36:24.828Z",
    "effectivePeriod": {
      "start": "2012-12-21T09:12:30+05:00",
      "end": "2013-01-01T10:05:30-01:00"
    },
    "valueDateTime": "2022-01-01T09:45:00Z"
  },
  {
    "resourceType": "Observation",
    "id": "fsi-Observation-ValueInteger",
    "status": "final",
    "code": {
      "coding": [
        {
          "system": "http://loinc.org",
          "code": "8302-2",
          "display": "Body Height"
        }
      ],
      "text": "Body Height"
    },
    "subject": {
      "reference": "Patient/fsi-Patient"
    },
    "issued": "2015-11-23T01:35:07.828+01:00",
    "effectivePeriod": {
      "start": "2012-10-02T08:05:00Z"
    },
    "valueInteger": 170
  },
  {
    "resourceType": "Observation",
    "id": "fsi-Observation-ValuePeriod",
    "status": "final",
    "code": {
      "coding": [
        {
          "system": "http://loinc.org",
          "code": "85354-9",
          "display": "Blood Pressure"
        }
      ],
      "text": "Blood Pressure"
    },
    "subject": {
      "reference": "Patient/fsi-Patient"
    },
    "issued": "2017-04-12T01:16:01.549+02:00",
    "effectivePeriod": {
      "start": "2021-01-01T10:00:00Z",
      "end": "2021-01-01T10:15:00Z"
    },
    "valuePeriod": {
      "start": "2021-01-01T10:05:00Z",
      "end": "2021-01-01T10:10:00Z"
    }
  },
  {
    "resourceType": "Observation",
    "id": "fsi-Observation-ValueQuantity",
    "status": "final",
    "code": {
      "coding": [
        {
          "system": "http://loinc.org",
          "code": "29463-7",
          "display": "Body Weight"
        }
      ],
      "text": "Body Weight"
    },
    "subject": {
      "reference": "Patient/fsi-Patient"
    },
    "issued": "2020-08-15T01:28:48.107+02:00",
    "effectivePeriod": {
      "start": "2013-02-03T12:05:00Z",
      "end": "2013-02-03T12:15:00Z"
    },
    "valueQuantity": {
      "value": 65,
      "unit": "kg"
    }
  },
  {
    "resourceType": "Observation",
    "id": "fsi-Observation-ValueQuantity-BMI-1",
    "status": "final",
    "category": [
      {
        "coding": [
          {
            "system": "http://terminology.hl7.org/CodeSystem/observation-category",
            "code": "vital-signs",
            "display": "Vital Signs"
          }
        ],
        "text": "Vital Signs"
      }
    ],
    "code": {
      "coding": [
        {
          "system": "http://loinc.org",
          "code": "39156-5",
          "display": "Body mass index (BMI) [Ratio]"
        }
      ],
      "text": "BMI"
    },
    "subject": {
      "reference": "Patient/example"
    },
    "effectiveDateTime": "1999-07-02",
    "valueQuantity": {
      "value": 16.2,
      "unit": "kg/m2",
      "system": "http://unitsofmeasure.org",
      "code": "kg/m2"
    }
  },
  {
    "resourceType": "Observation",
    "id": "fsi-Observation-ValueQuantity-BMI-2",
    "status": "final",
    "category": [
      {
        "coding": [
          {
            "system": "http://terminology.hl7.org/CodeSystem/observation-category",
            "code": "vital-signs",
            "display": "Vital Signs"
          }
        ],
        "text": "Vital Signs"
      }
    ],
    "code": {
      "coding": [
        {
          "system": "http://loinc.org",
          "code": "39156-5",
          "display": "Body mass index (BMI) [Ratio]"
        }
      ],
      "text": "BMI"
    },
    "subject": {
      "reference": "Patient/example"
    },
    "effectiveDateTime": "1999-07-02",
    "valueQuantity": {
      "value": 16200,
      "unit": "gram/m2",
      "system": "http://unitsofmeasure.org",
      "code": "g/m2"
    }
  },
  {
    "resourceType": "Observation",
    "id": "fsi-Observation-ValueQuantity-BMI-3",
    "status": "final",
    "category": [
      {
        "coding": [
          {
            "system": "http://terminology.hl7.org/CodeSystem/observation-category",
            "code": "vital-signs",
            "display": "Vital Signs"
          }
        ],
        "text": "Vital Signs"
      }
    ],
    "code": {
      "coding": [
        {
          "system": "http://loinc.org",
          "code": "39156-5",
          "display": "Body mass index (BMI) [Ratio]"
        }
      ],
      "text": "BMI"
    },
    "subject": {
      "reference": "Patient/example"
    },
    "effectiveDateTime": "1999-07-02",
    "valueQuantity": {
      "value": 16.0,
      "unit": "kg/m2",
      "system": "http://unitsofmeasure.org",
      "code": "kg/m2"
    }
  },
  {
    "resourceType": "Observation",
    "id": "fsi-Observation-ValueQuantity-BMI-4",
    "status": "final",
    "category": [
      {
        "coding": [
          {
            "system": "http://terminology.hl7.org/CodeSystem/observation-category",
            "code": "vital-signs",
            "display": "Vital Signs"
          }
        ],
        "text": "Vital Signs"
      }
    ],
    "code": {
      "coding": [
        {
          "system": "http://loinc.org",
          "code": "39156-5",
          "display": "Body mass index (BMI) [Ratio]"
        }
      ],
      "text": "BMI"
    },
    "subject": {
      "reference": "Patient/example"
    },
    "effectiveDateTime": "1999-07-02",
    "valueQuantity": {
      "value": 16.5,
      "unit": "kg/m2",
      "system": "http://unitsofmeasure.org",
      "code": "kg/m2"
    }
  },
  {
    "resourceType": "Observation",
    "id": "fsi-Observation-ValueQuantity-BMI-5",
    "status": "final",
    "identifier": [
      {
        "use": "official",
        "system": "http://www.bmc.nl/zorgportal/identifiers/observations",
        "value": "6323"
      }
    ],
    "category": [
      {
        "coding": [
          {
            "system": "http://terminology.hl7.org/CodeSystem/observation-category",
            "code": "vital-signs",
            "display": "Vital Signs"
          }
        ],
        "text": "Vital Signs"
      }
    ],
    "code": {
      "coding": [
        {
          "system": "http://loinc.org",
          "code": "39156-5",
          "display": "Body mass index (BMI) [Ratio]"
        }
      ],
      "text": "BMI"
    },
    "subject": {
      "reference": "Patient/example"
    },
    "effectiveDateTime": "1999-07-02",
    "valueQuantity": {
      "value": 16.5,
      "unit": "kg/m2",
      "comparator": ">",
      "system": "http://unitsofmeasure.org",
      "code": "kg/m2"
    }
  },
  {
    "resourceType": "Observation",
    "id": "fsi-Observation-ValueQuantityContainedAndProfile",
    "meta": {
      "profile": ["http://hl7.org/fhir/StructureDefinition/vitalsigns"]
    },
    "status": "final",
    "category": [
      {
        "coding": [
          {
            "system": "http://terminology.hl7.org/CodeSystem/observation-category",
            "code": "vital-signs",
            "display": "Vital Signs"
          }
        ],
        "text": "Vital Signs"
      }
    ],
    "code": {
      "coding": [
        {
          "system": "http://loinc.org",
          "code": "8867-4",
          "display": "Heart rate"
        }
      ],
      "text": "Heart rate"
    },
    "subject": {
      "reference": "#observationQuantityContainedPatient"
    },
    "contained": [
      {
        "resourceType": "Patient",
        "id": "observationQuantityContainedPatient",
        "name": [
          {
            "family": "Smith",
            "given": ["John"],
            "use": "official"
          }
        ],
        "gender": "male",
        "birthDate": "1980-01-01"
      }
    ],
    "issued": "2014-11-17T01:34:06.828+01:00",
    "effectiveDateTime": "1999-07-02",
    "valueQuantity": {
      "value": 44,
      "unit": "beats/minute",
      "system": "http://unitsofmeasure.org",
      "code": "/min"
    }
  },
  {
    "resourceType": "Observation",
    "id": "fsi-Observation-ValueQuantityUcum",
    "status": "final",
    "code": {
      "coding": [
        {
          "system": "http://loinc.org",
          "code": "29463-7",
          "display": "Body Weight"
        }
      ],
      "text": "Body Weight"
    },
    "subject": {
      "reference": "Patient/fsi-Patient"
    },
    "issued": "2014-11-17T01:02:24.828+01:00",
    "effectivePeriod": {
      "start": "2009-01-01",
      "end": "2010-06-01"
    },
    "valueQuantity": {
      "value": 67,
      "unit": "kg",
      "system": "http://unitsofmeasure.org",
      "code": "kg"
    }
  },
  {
    "resourceType": "Observation",
    "id": "fsi-Observation-ValueRange",
    "status": "final",
    "code": {
      "coding": [
        {
          "system": "http://loinc.org",
          "code": "29463-7",
          "display": "Body Weight"
        }
      ],
      "text": "Body Weight"
    },
    "subject": {
      "reference": "Patient/fsi-Patient"
    },
    "issued": "2014-11-17T00:36:24.828Z",
    "effectivePeriod": {
      "start": "2015-03-05",
      "end": "2015-06-07"
    },
    "valueRange": {
      "low": {
        "value": 60,
        "unit": "kg"
      },
      "high": {
        "value": 80,
        "unit": "kg"
      }
    }
  },
  {
    "resourceType": "Observation",
    "id": "fsi-Observation-ValueRatio",
    "status": "final",
    "code": {
      "coding": [
        {
          "system": "http://loinc.org",
          "code": "8462-4",
          "display": "Heart Rate"
        }
      ],
      "text": "Heart Rate"
    },
    "subject": {
      "reference": "Patient/fsi-Patient"
    },
    "issued": "2014-09-02T21:36:24.828+02:00",
    "effectivePeriod": {
      "start": "2011-01",
      "end": "2012-01"
    },
    "valueRatio": {
      "numerator": {
        "value": 75,
        "unit": "beats/min"
      },
      "denominator": {
        "value": 1,
        "unit": "min"
      }
    }
  },
  {
    "resourceType": "Observation",
    "id": "fsi-Observation-ValueSampledData",
    "status": "final",
    "code": {
      "coding": [
        {
          "system": "http://loinc.org",
          "code": "15074-8",
          "display": "Temperature"
        }
      ],
      "text": "Temperature"
    },
    "subject": {
      "reference": "Patient/fsi-Patient"
    },
    "issued": "1989-02-25T13:23:20.044+01:00",
    "effectivePeriod": {
      "start": "2010-05",
      "end": "2010-06"
    },
    "valueSampledData": {
      "origin": {
        "value": 36.5,
        "unit": "C"
      },
      "period": 10,
      "dimensions": 1,
      "data": "0.1 0.2 0.3 0.4 0.5 0.6 0.7 0.8 0.9 1.0",
      "factor": 1,
      "lowerLimit": 0,
      "upperLimit": 1
    }
  },
  {
    "resourceType": "Observation",
    "id": "fsi-Observation-ValueString",
    "status": "final",
    "code": {
      "coding": [
        {
          "system": "http://loinc.org",
          "code": "29463-7",
          "display": "Body Weight"
        }
      ],
      "text": "Body Weight"
    },
    "subject": {
      "reference": "Patient/fsi-Patient"
    },
    "issued": "2017-03-08T00:16:01.549+01:00",
    "effectivePeriod": {
      "start": "2012",
      "end": "2013"
    },
    "valueString": "70 kg"
  },
  {
    "resourceType": "Observation",
    "id": "fsi-Observation-ValueTime",
    "status": "final",
    "code": {
      "coding": [
        {
          "system": "http://loinc.org",
          "code": "9279-1",
          "display": "Time Taken"
        }
      ],
      "text": "Time Taken Test"
    },
    "subject": {
      "reference": "Patient/fsi-Patient"
    },
    "issued": "2020-07-11T01:28:48.107+02:00",
    "effectivePeriod": {
      "start": "2009",
      "end": "2014"
    },
    "valueTime": "08:30:00"
  }
]
