[
  {
    "resourceType": "Patient",
    "id": "fsi-Patient",
    "identifier": [
      {
        "system": "http://example.org",
        "value": "fsi-Patient"
      }
    ],
    "gender": "female",
    "birthDate": "1995-02-04",
    "name": [
      {
        "use": "official",
        "family": "Chalmers",
        "given": ["Peter", "James"],
        "prefix": ["Mr."],
        "suffix": ["Jr."],
        "text": "Peter James Chalmers",
        "period": {
          "start": "2003"
        }
      },
      {
        "use": "usual",
        "given": ["Jim"]
      },
      {
        "use": "maiden",
        "family": "Windsor",
        "given": ["Peter", "James"],
        "prefix": ["Mr."],
        "suffix": ["Jr."],
        "text": "Peter Windsor",
        "period": {
          "end": "2002"
        }
      },
      {
        "use": "maiden",
        "family": "Windsor",
        "given": ["Peter"],
        "text": "Peter Windsor",
        "period": {
          "end": "2000"
        }
      }
    ],
    "address": [
      {
        "use": "home",
        "type": "both",
        "line": ["534 Erewhon St"],
        "city": "PleasantVille",
        "district": "Rainbow",
        "state": "Vic",
        "postalCode": "3999",
        "country": "US",
        "period": {
          "start": "1974-12-25"
        }
      }
    ],
    "meta": {
      "tag": [
        {
          "system": "http://hl7.org/fhir/common-tags",
          "code": "actionable"
        }
      ]
    }
  },
  {
    "resourceType": "Patient",
    "id": "fsi-Patient-ContactPoint",
    "active": "true",
    "identifier": [
      {
        "system": "http://example.org",
        "value": "fsi-Patient-ContactPoint"
      }
    ],
    "telecom": [
      {
        "system": "phone",
        "value": "1234567",
        "use": "home",
        "rank": 1,
        "period": {
          "start": "2018-01-01T00:00:00.000Z"
        }
      },
      {
        "system": "email",
        "value": "my@email.com",
        "use": "work",
        "rank": 2,
        "period": {
          "start": "2010-01-01T00:00:00.000Z"
        }
      },
      {
        "system": "phone",
        "value": "7654321",
        "use": "old",
        "rank": 3,
        "period": {
          "start": "2017-01-01T00:00:00.000Z",
          "end": "2017-12-31T00:00:00.000Z"
        }
      }
    ],
    "contact": [
      {
        "telecom": [
          {
            "system": "phone",
            "value": "33998327"
          }
        ]
      }
    ]
  },
  {
    "resourceType": "Patient",
    "id": "fsi-Patient-date-1",
    "text": {
      "status": "generated",
      "div": "<div xmlns=\"http://www.w3.org/1999/xhtml\">Generated by <a href=\"https://github.com/synthetichealth/synthea\">Synthea</a>.Version identifier: v3.1.0-496-g055bdcfee\n .   Person seed: 8212071498760219115  Population seed: 1704441263030</div>"
    },
    "extension": [
      {
        "url": "http://hl7.org/fhir/us/core/StructureDefinition/us-core-race",
        "extension": [
          {
            "url": "ombCategory",
            "valueCoding": {
              "system": "urn:oid:2.16.840.1.113883.6.238",
              "code": "2028-9",
              "display": "Asian"
            }
          },
          {
            "url": "text",
            "valueString": "Asian"
          }
        ]
      },
      {
        "url": "http://hl7.org/fhir/us/core/StructureDefinition/us-core-ethnicity",
        "extension": [
          {
            "url": "ombCategory",
            "valueCoding": {
              "system": "urn:oid:2.16.840.1.113883.6.238",
              "code": "2135-2",
              "display": "Hispanic or Latino"
            }
          },
          {
            "url": "text",
            "valueString": "Hispanic or Latino"
          }
        ]
      },
      {
        "url": "http://hl7.org/fhir/StructureDefinition/patient-mothersMaidenName",
        "valueString": "Genevie117 Kuhn96"
      },
      {
        "url": "http://hl7.org/fhir/us/core/StructureDefinition/us-core-birthsex",
        "valueCode": "F"
      },
      {
        "url": "http://hl7.org/fhir/StructureDefinition/birthPlace",
        "valueAddress": {
          "city": "Middleton",
          "state": "Massachusetts",
          "country": "US"
        }
      },
      {
        "url": "http://synthetichealth.github.io/synthea/disability-adjusted-life-years",
        "valueDecimal": 4.936589789343183
      },
      {
        "url": "http://synthetichealth.github.io/synthea/quality-adjusted-life-years",
        "valueDecimal": 54.06341021065682
      }
    ],
    "identifier": [
      {
        "system": "https://github.com/synthetichealth/synthea",
        "value": "369f7354-fa5b-4c25-d4d6-f340434b95bf"
      },
      {
        "type": {
          "coding": [
            {
              "system": "http://hl7.org/fhir/v2/0203",
              "code": "MR",
              "display": "Medical Record Number"
            }
          ],
          "text": "Medical Record Number"
        },
        "system": "http://hospital.smarthealthit.org",
        "value": "369f7354-fa5b-4c25-d4d6-f340434b95bf"
      },
      {
        "type": {
          "coding": [
            {
              "system": "http://hl7.org/fhir/identifier-type",
              "code": "SB",
              "display": "Social Security Number"
            }
          ],
          "text": "Social Security Number"
        },
        "system": "http://hl7.org/fhir/sid/us-ssn",
        "value": "999-11-9592"
      },
      {
        "type": {
          "coding": [
            {
              "system": "http://hl7.org/fhir/v2/0203",
              "code": "DL",
              "display": "Driver's license number"
            }
          ],
          "text": "Driver's license number"
        },
        "system": "urn:oid:2.16.840.1.113883.4.3.25",
        "value": "S99961312"
      },
      {
        "type": {
          "coding": [
            {
              "system": "http://hl7.org/fhir/v2/0203",
              "code": "PPN",
              "display": "Passport Number"
            }
          ],
          "text": "Passport Number"
        },
        "system": "http://standardhealthrecord.org/fhir/StructureDefinition/passportNumber",
        "value": "X23164358X"
      }
    ],
    "name": [
      {
        "use": "official",
        "family": "Kirlin939",
        "given": ["Natacha644", "Nga248"],
        "prefix": ["Mrs."]
      },
      {
        "use": "maiden",
        "family": "Carroll471",
        "given": ["Natacha644", "Nga248"],
        "prefix": ["Mrs."]
      }
    ],
    "telecom": [
      {
        "system": "phone",
        "value": "555-286-5960",
        "use": "home"
      }
    ],
    "gender": "female",
    "birthDate": "1950-12-15",
    "deceasedDateTime": "2016-01-04",
    "address": [
      {
        "extension": [
          {
            "url": "http://hl7.org/fhir/StructureDefinition/geolocation",
            "extension": [
              {
                "url": "latitude",
                "valueDecimal": 42.29332600637616
              },
              {
                "url": "longitude",
                "valueDecimal": -71.08977392399119
              }
            ]
          }
        ],
        "line": ["130 Terry Ferry"],
        "city": "Boston",
        "state": "Massachusetts",
        "postalCode": "02119",
        "country": "US"
      }
    ],
    "maritalStatus": {
      "coding": [
        {
          "system": "http://hl7.org/fhir/v3/MaritalStatus",
          "code": "D",
          "display": "D"
        }
      ],
      "text": "D"
    },
    "multipleBirthBoolean": false,
    "communication": [
      {
        "language": {
          "coding": [
            {
              "system": "urn:ietf:bcp:47",
              "code": "en-US",
              "display": "English (United States)"
            }
          ],
          "text": "English (United States)"
        }
      }
    ]
  },
  {
    "resourceType": "Patient",
    "id": "fsi-Patient-date-2",
    "text": {
      "status": "generated",
      "div": "<div xmlns=\"http://www.w3.org/1999/xhtml\">Generated by <a href=\"https://github.com/synthetichealth/synthea\">Synthea</a>.Version identifier: v3.1.0-496-g055bdcfee\n .   Person seed: -5028686714147981469  Population seed: 1704441263030</div>"
    },
    "extension": [
      {
        "url": "http://hl7.org/fhir/us/core/StructureDefinition/us-core-race",
        "extension": [
          {
            "url": "ombCategory",
            "valueCoding": {
              "system": "urn:oid:2.16.840.1.113883.6.238",
              "code": "2106-3",
              "display": "White"
            }
          },
          {
            "url": "text",
            "valueString": "White"
          }
        ]
      },
      {
        "url": "http://hl7.org/fhir/us/core/StructureDefinition/us-core-ethnicity",
        "extension": [
          {
            "url": "ombCategory",
            "valueCoding": {
              "system": "urn:oid:2.16.840.1.113883.6.238",
              "code": "2186-5",
              "display": "Non Hispanic or Latino"
            }
          },
          {
            "url": "text",
            "valueString": "Non Hispanic or Latino"
          }
        ]
      },
      {
        "url": "http://hl7.org/fhir/StructureDefinition/patient-mothersMaidenName",
        "valueString": "Larraine124 Quitzon246"
      },
      {
        "url": "http://hl7.org/fhir/us/core/StructureDefinition/us-core-birthsex",
        "valueCode": "F"
      },
      {
        "url": "http://hl7.org/fhir/StructureDefinition/birthPlace",
        "valueAddress": {
          "city": "Revere",
          "state": "Massachusetts",
          "country": "US"
        }
      },
      {
        "url": "http://synthetichealth.github.io/synthea/disability-adjusted-life-years",
        "valueDecimal": 3.311700882350097
      },
      {
        "url": "http://synthetichealth.github.io/synthea/quality-adjusted-life-years",
        "valueDecimal": 47.688299117649905
      }
    ],
    "identifier": [
      {
        "system": "https://github.com/synthetichealth/synthea",
        "value": "c5c49df0-a08a-05c4-c24e-6e78424bb69e"
      },
      {
        "type": {
          "coding": [
            {
              "system": "http://hl7.org/fhir/v2/0203",
              "code": "MR",
              "display": "Medical Record Number"
            }
          ],
          "text": "Medical Record Number"
        },
        "system": "http://hospital.smarthealthit.org",
        "value": "c5c49df0-a08a-05c4-c24e-6e78424bb69e"
      },
      {
        "type": {
          "coding": [
            {
              "system": "http://hl7.org/fhir/identifier-type",
              "code": "SB",
              "display": "Social Security Number"
            }
          ],
          "text": "Social Security Number"
        },
        "system": "http://hl7.org/fhir/sid/us-ssn",
        "value": "999-74-5838"
      },
      {
        "type": {
          "coding": [
            {
              "system": "http://hl7.org/fhir/v2/0203",
              "code": "DL",
              "display": "Driver's license number"
            }
          ],
          "text": "Driver's license number"
        },
        "system": "urn:oid:2.16.840.1.113883.4.3.25",
        "value": "S99910733"
      },
      {
        "type": {
          "coding": [
            {
              "system": "http://hl7.org/fhir/v2/0203",
              "code": "PPN",
              "display": "Passport Number"
            }
          ],
          "text": "Passport Number"
        },
        "system": "http://standardhealthrecord.org/fhir/StructureDefinition/passportNumber",
        "value": "X51550789X"
      }
    ],
    "name": [
      {
        "use": "official",
        "family": "Beer512",
        "given": ["Larae985", "Bonnie873"],
        "prefix": ["Mrs."]
      },
      {
        "use": "maiden",
        "family": "Stark857",
        "given": ["Larae985", "Bonnie873"],
        "prefix": ["Mrs."]
      }
    ],
    "telecom": [
      {
        "system": "phone",
        "value": "555-356-9581",
        "use": "home"
      }
    ],
    "gender": "female",
    "birthDate": "1964-03-03",
    "deceasedDateTime": "2020-11-27",
    "address": [
      {
        "extension": [
          {
            "url": "http://hl7.org/fhir/StructureDefinition/geolocation",
            "extension": [
              {
                "url": "latitude",
                "valueDecimal": 42.02964198750018
              },
              {
                "url": "longitude",
                "valueDecimal": -72.6412859145111
              }
            ]
          }
        ],
        "line": ["626 Schaden Dale"],
        "city": "Agawam",
        "state": "Massachusetts",
        "postalCode": "01001",
        "country": "US"
      }
    ],
    "maritalStatus": {
      "coding": [
        {
          "system": "http://hl7.org/fhir/v3/MaritalStatus",
          "code": "D",
          "display": "D"
        }
      ],
      "text": "D"
    },
    "multipleBirthBoolean": false,
    "communication": [
      {
        "language": {
          "coding": [
            {
              "system": "urn:ietf:bcp:47",
              "code": "en-US",
              "display": "English (United States)"
            }
          ],
          "text": "English (United States)"
        }
      }
    ]
  },
  {
    "resourceType": "Patient",
    "id": "fsi-Patient-dateTime-1",
    "text": {
      "status": "generated",
      "div": "<div xmlns=\"http://www.w3.org/1999/xhtml\">Generated by <a href=\"https://github.com/synthetichealth/synthea\">Synthea</a>.Version identifier: v3.1.0-496-g055bdcfee\n .   Person seed: 772031420559037504  Population seed: 1704441263030</div>"
    },
    "extension": [
      {
        "url": "http://hl7.org/fhir/us/core/StructureDefinition/us-core-race",
        "extension": [
          {
            "url": "ombCategory",
            "valueCoding": {
              "system": "urn:oid:2.16.840.1.113883.6.238",
              "code": "2106-3",
              "display": "White"
            }
          },
          {
            "url": "text",
            "valueString": "White"
          }
        ]
      },
      {
        "url": "http://hl7.org/fhir/us/core/StructureDefinition/us-core-ethnicity",
        "extension": [
          {
            "url": "ombCategory",
            "valueCoding": {
              "system": "urn:oid:2.16.840.1.113883.6.238",
              "code": "2186-5",
              "display": "Non Hispanic or Latino"
            }
          },
          {
            "url": "text",
            "valueString": "Non Hispanic or Latino"
          }
        ]
      },
      {
        "url": "http://hl7.org/fhir/StructureDefinition/patient-mothersMaidenName",
        "valueString": "Jackeline690 Dare640"
      },
      {
        "url": "http://hl7.org/fhir/us/core/StructureDefinition/us-core-birthsex",
        "valueCode": "M"
      },
      {
        "url": "http://hl7.org/fhir/StructureDefinition/birthPlace",
        "valueAddress": {
          "city": "Hanson",
          "state": "Massachusetts",
          "country": "US"
        }
      },
      {
        "url": "http://synthetichealth.github.io/synthea/disability-adjusted-life-years",
        "valueDecimal": 0.639755595580892
      },
      {
        "url": "http://synthetichealth.github.io/synthea/quality-adjusted-life-years",
        "valueDecimal": 68.3602444044191
      }
    ],
    "identifier": [
      {
        "system": "https://github.com/synthetichealth/synthea",
        "value": "af1d03ae-ce5d-e0c5-986f-cd4046b134ba"
      },
      {
        "type": {
          "coding": [
            {
              "system": "http://hl7.org/fhir/v2/0203",
              "code": "MR",
              "display": "Medical Record Number"
            }
          ],
          "text": "Medical Record Number"
        },
        "system": "http://hospital.smarthealthit.org",
        "value": "af1d03ae-ce5d-e0c5-986f-cd4046b134ba"
      },
      {
        "type": {
          "coding": [
            {
              "system": "http://hl7.org/fhir/identifier-type",
              "code": "SB",
              "display": "Social Security Number"
            }
          ],
          "text": "Social Security Number"
        },
        "system": "http://hl7.org/fhir/sid/us-ssn",
        "value": "999-82-1959"
      },
      {
        "type": {
          "coding": [
            {
              "system": "http://hl7.org/fhir/v2/0203",
              "code": "DL",
              "display": "Driver's license number"
            }
          ],
          "text": "Driver's license number"
        },
        "system": "urn:oid:2.16.840.1.113883.4.3.25",
        "value": "S99994052"
      },
      {
        "type": {
          "coding": [
            {
              "system": "http://hl7.org/fhir/v2/0203",
              "code": "PPN",
              "display": "Passport Number"
            }
          ],
          "text": "Passport Number"
        },
        "system": "http://standardhealthrecord.org/fhir/StructureDefinition/passportNumber",
        "value": "X78860098X"
      }
    ],
    "name": [
      {
        "use": "official",
        "family": "Gislason620",
        "given": ["Mitchel812"],
        "prefix": ["Mr."]
      }
    ],
    "telecom": [
      {
        "system": "phone",
        "value": "555-554-6101",
        "use": "home"
      }
    ],
    "gender": "male",
    "birthDate": "1951-03-21",
    "deceasedDateTime": "2020-11-11T15:49:03Z",
    "address": [
      {
        "extension": [
          {
            "url": "http://hl7.org/fhir/StructureDefinition/geolocation",
            "extension": [
              {
                "url": "latitude",
                "valueDecimal": 42.22775643884414
              },
              {
                "url": "longitude",
                "valueDecimal": -72.54633624467915
              }
            ]
          }
        ],
        "line": ["957 Schmitt Hollow"],
        "city": "South Hadley",
        "state": "Massachusetts",
        "postalCode": "00000",
        "country": "US"
      }
    ],
    "maritalStatus": {
      "coding": [
        {
          "system": "http://hl7.org/fhir/v3/MaritalStatus",
          "code": "M",
          "display": "M"
        }
      ],
      "text": "M"
    },
    "multipleBirthBoolean": false,
    "communication": [
      {
        "language": {
          "coding": [
            {
              "system": "urn:ietf:bcp:47",
              "code": "en-US",
              "display": "English (United States)"
            }
          ],
          "text": "English (United States)"
        }
      }
    ]
  },
  {
    "resourceType": "Patient",
    "id": "fsi-Patient-dateTime-2",
    "text": {
      "status": "generated",
      "div": "<div xmlns=\"http://www.w3.org/1999/xhtml\">Generated by <a href=\"https://github.com/synthetichealth/synthea\">Synthea</a>.Version identifier: v3.1.0-496-g055bdcfee\n .   Person seed: 115759515815395349  Population seed: 1704441263030</div>"
    },
    "extension": [
      {
        "url": "http://hl7.org/fhir/us/core/StructureDefinition/us-core-race",
        "extension": [
          {
            "url": "ombCategory",
            "valueCoding": {
              "system": "urn:oid:2.16.840.1.113883.6.238",
              "code": "2076-8",
              "display": "Native Hawaiian or Other Pacific Islander"
            }
          },
          {
            "url": "text",
            "valueString": "Native Hawaiian or Other Pacific Islander"
          }
        ]
      },
      {
        "url": "http://hl7.org/fhir/us/core/StructureDefinition/us-core-ethnicity",
        "extension": [
          {
            "url": "ombCategory",
            "valueCoding": {
              "system": "urn:oid:2.16.840.1.113883.6.238",
              "code": "2186-5",
              "display": "Non Hispanic or Latino"
            }
          },
          {
            "url": "text",
            "valueString": "Non Hispanic or Latino"
          }
        ]
      },
      {
        "url": "http://hl7.org/fhir/StructureDefinition/patient-mothersMaidenName",
        "valueString": "Vida128 Bruen238"
      },
      {
        "url": "http://hl7.org/fhir/us/core/StructureDefinition/us-core-birthsex",
        "valueCode": "M"
      },
      {
        "url": "http://hl7.org/fhir/StructureDefinition/birthPlace",
        "valueAddress": {
          "city": "Falmouth",
          "state": "Massachusetts",
          "country": "US"
        }
      },
      {
        "url": "http://synthetichealth.github.io/synthea/disability-adjusted-life-years",
        "valueDecimal": 26.519151065434077
      },
      {
        "url": "http://synthetichealth.github.io/synthea/quality-adjusted-life-years",
        "valueDecimal": 27.480848934565923
      }
    ],
    "identifier": [
      {
        "system": "https://github.com/synthetichealth/synthea",
        "value": "f18cf50a-41ea-8ae4-92a5-600f7c6b0f03"
      },
      {
        "type": {
          "coding": [
            {
              "system": "http://hl7.org/fhir/v2/0203",
              "code": "MR",
              "display": "Medical Record Number"
            }
          ],
          "text": "Medical Record Number"
        },
        "system": "http://hospital.smarthealthit.org",
        "value": "f18cf50a-41ea-8ae4-92a5-600f7c6b0f03"
      },
      {
        "type": {
          "coding": [
            {
              "system": "http://hl7.org/fhir/identifier-type",
              "code": "SB",
              "display": "Social Security Number"
            }
          ],
          "text": "Social Security Number"
        },
        "system": "http://hl7.org/fhir/sid/us-ssn",
        "value": "999-44-3487"
      },
      {
        "type": {
          "coding": [
            {
              "system": "http://hl7.org/fhir/v2/0203",
              "code": "DL",
              "display": "Driver's license number"
            }
          ],
          "text": "Driver's license number"
        },
        "system": "urn:oid:2.16.840.1.113883.4.3.25",
        "value": "S99935079"
      },
      {
        "type": {
          "coding": [
            {
              "system": "http://hl7.org/fhir/v2/0203",
              "code": "PPN",
              "display": "Passport Number"
            }
          ],
          "text": "Passport Number"
        },
        "system": "http://standardhealthrecord.org/fhir/StructureDefinition/passportNumber",
        "value": "X27544154X"
      }
    ],
    "name": [
      {
        "use": "official",
        "family": "Farrell962",
        "given": ["Rhett759"],
        "prefix": ["Mr."]
      }
    ],
    "telecom": [
      {
        "system": "phone",
        "value": "555-796-8267",
        "use": "home"
      }
    ],
    "gender": "male",
    "birthDate": "1964-09-18",
    "deceasedDateTime": "2017-11-24T06:11:04Z",
    "address": [
      {
        "extension": [
          {
            "url": "http://hl7.org/fhir/StructureDefinition/geolocation",
            "extension": [
              {
                "url": "latitude",
                "valueDecimal": 41.77761347877578
              },
              {
                "url": "longitude",
                "valueDecimal": -71.15390586380781
              }
            ]
          }
        ],
        "line": ["142 Dare Junction"],
        "city": "Somerset",
        "state": "Massachusetts",
        "postalCode": "02726",
        "country": "US"
      }
    ],
    "maritalStatus": {
      "coding": [
        {
          "system": "http://hl7.org/fhir/v3/MaritalStatus",
          "code": "D",
          "display": "D"
        }
      ],
      "text": "D"
    },
    "multipleBirthBoolean": false,
    "communication": [
      {
        "language": {
          "coding": [
            {
              "system": "urn:ietf:bcp:47",
              "code": "en-US",
              "display": "English (United States)"
            }
          ],
          "text": "English (United States)"
        }
      }
    ]
  },
  {
    "resourceType": "Patient",
    "id": "fsi-Patient-dateTime-3",
    "text": {
      "status": "generated",
      "div": "<div xmlns=\"http://www.w3.org/1999/xhtml\">Generated by <a href=\"https://github.com/synthetichealth/synthea\">Synthea</a>.Version identifier: v3.1.0-496-g055bdcfee\n .   Person seed: 4470558483823916742  Population seed: 1704441263030</div>"
    },
    "extension": [
      {
        "url": "http://hl7.org/fhir/us/core/StructureDefinition/us-core-race",
        "extension": [
          {
            "url": "ombCategory",
            "valueCoding": {
              "system": "urn:oid:2.16.840.1.113883.6.238",
              "code": "2106-3",
              "display": "White"
            }
          },
          {
            "url": "text",
            "valueString": "White"
          }
        ]
      },
      {
        "url": "http://hl7.org/fhir/us/core/StructureDefinition/us-core-ethnicity",
        "extension": [
          {
            "url": "ombCategory",
            "valueCoding": {
              "system": "urn:oid:2.16.840.1.113883.6.238",
              "code": "2186-5",
              "display": "Non Hispanic or Latino"
            }
          },
          {
            "url": "text",
            "valueString": "Non Hispanic or Latino"
          }
        ]
      },
      {
        "url": "http://hl7.org/fhir/StructureDefinition/patient-mothersMaidenName",
        "valueString": "Shirely692 Wilderman619"
      },
      {
        "url": "http://hl7.org/fhir/us/core/StructureDefinition/us-core-birthsex",
        "valueCode": "F"
      },
      {
        "url": "http://hl7.org/fhir/StructureDefinition/birthPlace",
        "valueAddress": {
          "city": "Waltham",
          "state": "Massachusetts",
          "country": "US"
        }
      },
      {
        "url": "http://synthetichealth.github.io/synthea/disability-adjusted-life-years",
        "valueDecimal": 0
      },
      {
        "url": "http://synthetichealth.github.io/synthea/quality-adjusted-life-years",
        "valueDecimal": 4
      }
    ],
    "identifier": [
      {
        "system": "https://github.com/synthetichealth/synthea",
        "value": "06ea436e-728f-8e3a-ae76-51a50dc9565f"
      },
      {
        "type": {
          "coding": [
            {
              "system": "http://hl7.org/fhir/v2/0203",
              "code": "MR",
              "display": "Medical Record Number"
            }
          ],
          "text": "Medical Record Number"
        },
        "system": "http://hospital.smarthealthit.org",
        "value": "06ea436e-728f-8e3a-ae76-51a50dc9565f"
      },
      {
        "type": {
          "coding": [
            {
              "system": "http://hl7.org/fhir/identifier-type",
              "code": "SB",
              "display": "Social Security Number"
            }
          ],
          "text": "Social Security Number"
        },
        "system": "http://hl7.org/fhir/sid/us-ssn",
        "value": "999-55-3806"
      }
    ],
    "name": [
      {
        "use": "official",
        "family": "Pouros728",
        "given": ["Arla414", "Julene165"]
      }
    ],
    "telecom": [
      {
        "system": "phone",
        "value": "555-641-2618",
        "use": "home"
      }
    ],
    "gender": "female",
    "birthDate": "1989-02-25",
    "deceasedDateTime": "2020-01-05T13:23:20+01:00",
    "address": [
      {
        "extension": [
          {
            "url": "http://hl7.org/fhir/StructureDefinition/geolocation",
            "extension": [
              {
                "url": "latitude",
                "valueDecimal": 42.31442011712531
              },
              {
                "url": "longitude",
                "valueDecimal": -71.158688153109
              }
            ]
          }
        ],
        "line": ["660 Gleichner Vale Suite 47"],
        "city": "Newton",
        "state": "Massachusetts",
        "postalCode": "02472",
        "country": "US"
      }
    ],
    "maritalStatus": {
      "coding": [
        {
          "system": "http://hl7.org/fhir/v3/MaritalStatus",
          "code": "S",
          "display": "Never Married"
        }
      ],
      "text": "Never Married"
    },
    "multipleBirthBoolean": false,
    "communication": [
      {
        "language": {
          "coding": [
            {
              "system": "urn:ietf:bcp:47",
              "code": "en-US",
              "display": "English (United States)"
            }
          ],
          "text": "English (United States)"
        }
      }
    ]
  },
  {
    "resourceType": "Patient",
    "id": "fsi-Patient-dateTime-4",
    "text": {
      "status": "generated",
      "div": "<div xmlns=\"http://www.w3.org/1999/xhtml\">Generated by <a href=\"https://github.com/synthetichealth/synthea\">Synthea</a>.Version identifier: v3.1.0-496-g055bdcfee\n .   Person seed: 6796927430856262210  Population seed: 1704441263030</div>"
    },
    "extension": [
      {
        "url": "http://hl7.org/fhir/us/core/StructureDefinition/us-core-race",
        "extension": [
          {
            "url": "ombCategory",
            "valueCoding": {
              "system": "urn:oid:2.16.840.1.113883.6.238",
              "code": "2106-3",
              "display": "White"
            }
          },
          {
            "url": "text",
            "valueString": "White"
          }
        ]
      },
      {
        "url": "http://hl7.org/fhir/us/core/StructureDefinition/us-core-ethnicity",
        "extension": [
          {
            "url": "ombCategory",
            "valueCoding": {
              "system": "urn:oid:2.16.840.1.113883.6.238",
              "code": "2186-5",
              "display": "Non Hispanic or Latino"
            }
          },
          {
            "url": "text",
            "valueString": "Non Hispanic or Latino"
          }
        ]
      },
      {
        "url": "http://hl7.org/fhir/StructureDefinition/patient-mothersMaidenName",
        "valueString": "Cher186 Franecki195"
      },
      {
        "url": "http://hl7.org/fhir/us/core/StructureDefinition/us-core-birthsex",
        "valueCode": "M"
      },
      {
        "url": "http://hl7.org/fhir/StructureDefinition/birthPlace",
        "valueAddress": {
          "city": "Cambridge",
          "state": "Massachusetts",
          "country": "US"
        }
      },
      {
        "url": "http://synthetichealth.github.io/synthea/disability-adjusted-life-years",
        "valueDecimal": 0.9868735871202247
      },
      {
        "url": "http://synthetichealth.github.io/synthea/quality-adjusted-life-years",
        "valueDecimal": 56.01312641287978
      }
    ],
    "identifier": [
      {
        "system": "https://github.com/synthetichealth/synthea",
        "value": "16e7bb35-568c-0f8e-98ae-5dbd2ec6132c"
      },
      {
        "type": {
          "coding": [
            {
              "system": "http://hl7.org/fhir/v2/0203",
              "code": "MR",
              "display": "Medical Record Number"
            }
          ],
          "text": "Medical Record Number"
        },
        "system": "http://hospital.smarthealthit.org",
        "value": "16e7bb35-568c-0f8e-98ae-5dbd2ec6132c"
      },
      {
        "type": {
          "coding": [
            {
              "system": "http://hl7.org/fhir/identifier-type",
              "code": "SB",
              "display": "Social Security Number"
            }
          ],
          "text": "Social Security Number"
        },
        "system": "http://hl7.org/fhir/sid/us-ssn",
        "value": "999-58-5034"
      },
      {
        "type": {
          "coding": [
            {
              "system": "http://hl7.org/fhir/v2/0203",
              "code": "DL",
              "display": "Driver's license number"
            }
          ],
          "text": "Driver's license number"
        },
        "system": "urn:oid:2.16.840.1.113883.4.3.25",
        "value": "S99996787"
      },
      {
        "type": {
          "coding": [
            {
              "system": "http://hl7.org/fhir/v2/0203",
              "code": "PPN",
              "display": "Passport Number"
            }
          ],
          "text": "Passport Number"
        },
        "system": "http://standardhealthrecord.org/fhir/StructureDefinition/passportNumber",
        "value": "X15427255X"
      }
    ],
    "name": [
      {
        "use": "official",
        "family": "Dietrich576",
        "given": ["Joseph689", "Zachariah133"],
        "prefix": ["Mr."]
      }
    ],
    "telecom": [
      {
        "system": "phone",
        "value": "555-328-4876",
        "use": "home"
      }
    ],
    "gender": "male",
    "birthDate": "1951-10-03",
    "deceasedDateTime": "2009-02-19T16:37:16+01:00",
    "address": [
      {
        "extension": [
          {
            "url": "http://hl7.org/fhir/StructureDefinition/geolocation",
            "extension": [
              {
                "url": "latitude",
                "valueDecimal": 42.28972810572072
              },
              {
                "url": "longitude",
                "valueDecimal": -72.61003895745532
              }
            ]
          }
        ],
        "line": ["705 Hackett Key Suite 4"],
        "city": "South Hadley",
        "state": "Massachusetts",
        "postalCode": "00000",
        "country": "US"
      }
    ],
    "maritalStatus": {
      "coding": [
        {
          "system": "http://hl7.org/fhir/v3/MaritalStatus",
          "code": "M",
          "display": "M"
        }
      ],
      "text": "M"
    },
    "multipleBirthBoolean": false,
    "communication": [
      {
        "language": {
          "coding": [
            {
              "system": "urn:ietf:bcp:47",
              "code": "en-US",
              "display": "English (United States)"
            }
          ],
          "text": "English (United States)"
        }
      }
    ]
  },
  {
    "resourceType": "Patient",
    "id": "fsi-Patient-date-gYear-1",
    "text": {
      "status": "generated",
      "div": "<div xmlns=\"http://www.w3.org/1999/xhtml\">Generated by <a href=\"https://github.com/synthetichealth/synthea\">Synthea</a>.Version identifier: v3.1.0-496-g055bdcfee\n .   Person seed: -4443363593664702017  Population seed: 1704440808550</div>"
    },
    "extension": [
      {
        "url": "http://hl7.org/fhir/us/core/StructureDefinition/us-core-race",
        "extension": [
          {
            "url": "ombCategory",
            "valueCoding": {
              "system": "urn:oid:2.16.840.1.113883.6.238",
              "code": "2106-3",
              "display": "White"
            }
          },
          {
            "url": "text",
            "valueString": "White"
          }
        ]
      },
      {
        "url": "http://hl7.org/fhir/us/core/StructureDefinition/us-core-ethnicity",
        "extension": [
          {
            "url": "ombCategory",
            "valueCoding": {
              "system": "urn:oid:2.16.840.1.113883.6.238",
              "code": "2186-5",
              "display": "Non Hispanic or Latino"
            }
          },
          {
            "url": "text",
            "valueString": "Non Hispanic or Latino"
          }
        ]
      },
      {
        "url": "http://hl7.org/fhir/StructureDefinition/patient-mothersMaidenName",
        "valueString": "Rosanne862 Bednar518"
      },
      {
        "url": "http://hl7.org/fhir/us/core/StructureDefinition/us-core-birthsex",
        "valueCode": "M"
      },
      {
        "url": "http://hl7.org/fhir/StructureDefinition/birthPlace",
        "valueAddress": {
          "city": "Arlington",
          "state": "Massachusetts",
          "country": "US"
        }
      },
      {
        "url": "http://synthetichealth.github.io/synthea/disability-adjusted-life-years",
        "valueDecimal": 8.758278046559083
      },
      {
        "url": "http://synthetichealth.github.io/synthea/quality-adjusted-life-years",
        "valueDecimal": 53.241721953440916
      }
    ],
    "identifier": [
      {
        "system": "https://github.com/synthetichealth/synthea",
        "value": "22c6b560-25ff-0e0c-9432-1c5bc62307ef"
      },
      {
        "type": {
          "coding": [
            {
              "system": "http://hl7.org/fhir/v2/0203",
              "code": "MR",
              "display": "Medical Record Number"
            }
          ],
          "text": "Medical Record Number"
        },
        "system": "http://hospital.smarthealthit.org",
        "value": "22c6b560-25ff-0e0c-9432-1c5bc62307ef"
      },
      {
        "type": {
          "coding": [
            {
              "system": "http://hl7.org/fhir/identifier-type",
              "code": "SB",
              "display": "Social Security Number"
            }
          ],
          "text": "Social Security Number"
        },
        "system": "http://hl7.org/fhir/sid/us-ssn",
        "value": "999-15-4828"
      },
      {
        "type": {
          "coding": [
            {
              "system": "http://hl7.org/fhir/v2/0203",
              "code": "DL",
              "display": "Driver's license number"
            }
          ],
          "text": "Driver's license number"
        },
        "system": "urn:oid:2.16.840.1.113883.4.3.25",
        "value": "S99910225"
      },
      {
        "type": {
          "coding": [
            {
              "system": "http://hl7.org/fhir/v2/0203",
              "code": "PPN",
              "display": "Passport Number"
            }
          ],
          "text": "Passport Number"
        },
        "system": "http://standardhealthrecord.org/fhir/StructureDefinition/passportNumber",
        "value": "X21231428X"
      }
    ],
    "name": [
      {
        "use": "official",
        "family": "Adams676",
        "given": ["Robby860", "Lenard338"],
        "prefix": ["Mr."]
      }
    ],
    "telecom": [
      {
        "system": "phone",
        "value": "555-144-1443",
        "use": "home"
      }
    ],
    "gender": "male",
    "birthDate": "1951",
    "deceasedDateTime": "2016",
    "address": [
      {
        "extension": [
          {
            "url": "http://hl7.org/fhir/StructureDefinition/geolocation",
            "extension": [
              {
                "url": "latitude",
                "valueDecimal": 42.221656887584025
              },
              {
                "url": "longitude",
                "valueDecimal": -71.04460362148876
              }
            ]
          }
        ],
        "line": ["230 Mayer Bay"],
        "city": "Quincy",
        "state": "Massachusetts",
        "postalCode": "02169",
        "country": "US"
      }
    ],
    "maritalStatus": {
      "coding": [
        {
          "system": "http://hl7.org/fhir/v3/MaritalStatus",
          "code": "D",
          "display": "D"
        }
      ],
      "text": "D"
    },
    "multipleBirthBoolean": false,
    "communication": [
      {
        "language": {
          "coding": [
            {
              "system": "urn:ietf:bcp:47",
              "code": "en-US",
              "display": "English (United States)"
            }
          ],
          "text": "English (United States)"
        }
      }
    ]
  },
  {
    "resourceType": "Patient",
    "id": "fsi-Patient-date-gYear-2",
    "text": {
      "status": "generated",
      "div": "<div xmlns=\"http://www.w3.org/1999/xhtml\">Generated by <a href=\"https://github.com/synthetichealth/synthea\">Synthea</a>.Version identifier: v3.1.0-496-g055bdcfee\n .   Person seed: -2310551062997344472  Population seed: 1704441263030</div>"
    },
    "extension": [
      {
        "url": "http://hl7.org/fhir/us/core/StructureDefinition/us-core-race",
        "extension": [
          {
            "url": "ombCategory",
            "valueCoding": {
              "system": "urn:oid:2.16.840.1.113883.6.238",
              "code": "2028-9",
              "display": "Asian"
            }
          },
          {
            "url": "text",
            "valueString": "Asian"
          }
        ]
      },
      {
        "url": "http://hl7.org/fhir/us/core/StructureDefinition/us-core-ethnicity",
        "extension": [
          {
            "url": "ombCategory",
            "valueCoding": {
              "system": "urn:oid:2.16.840.1.113883.6.238",
              "code": "2186-5",
              "display": "Non Hispanic or Latino"
            }
          },
          {
            "url": "text",
            "valueString": "Non Hispanic or Latino"
          }
        ]
      },
      {
        "url": "http://hl7.org/fhir/StructureDefinition/patient-mothersMaidenName",
        "valueString": "Henriette328 Hahn503"
      },
      {
        "url": "http://hl7.org/fhir/us/core/StructureDefinition/us-core-birthsex",
        "valueCode": "M"
      },
      {
        "url": "http://hl7.org/fhir/StructureDefinition/birthPlace",
        "valueAddress": {
          "city": "Holden",
          "state": "Massachusetts",
          "country": "US"
        }
      },
      {
        "url": "http://synthetichealth.github.io/synthea/disability-adjusted-life-years",
        "valueDecimal": 8.646717462280037
      },
      {
        "url": "http://synthetichealth.github.io/synthea/quality-adjusted-life-years",
        "valueDecimal": 71.35328253771996
      }
    ],
    "identifier": [
      {
        "system": "https://github.com/synthetichealth/synthea",
        "value": "406aa8fa-b542-5d6e-4b84-102b09182a2b"
      },
      {
        "type": {
          "coding": [
            {
              "system": "http://hl7.org/fhir/v2/0203",
              "code": "MR",
              "display": "Medical Record Number"
            }
          ],
          "text": "Medical Record Number"
        },
        "system": "http://hospital.smarthealthit.org",
        "value": "406aa8fa-b542-5d6e-4b84-102b09182a2b"
      },
      {
        "type": {
          "coding": [
            {
              "system": "http://hl7.org/fhir/identifier-type",
              "code": "SB",
              "display": "Social Security Number"
            }
          ],
          "text": "Social Security Number"
        },
        "system": "http://hl7.org/fhir/sid/us-ssn",
        "value": "999-95-3354"
      },
      {
        "type": {
          "coding": [
            {
              "system": "http://hl7.org/fhir/v2/0203",
              "code": "DL",
              "display": "Driver's license number"
            }
          ],
          "text": "Driver's license number"
        },
        "system": "urn:oid:2.16.840.1.113883.4.3.25",
        "value": "S99970902"
      },
      {
        "type": {
          "coding": [
            {
              "system": "http://hl7.org/fhir/v2/0203",
              "code": "PPN",
              "display": "Passport Number"
            }
          ],
          "text": "Passport Number"
        },
        "system": "http://standardhealthrecord.org/fhir/StructureDefinition/passportNumber",
        "value": "X56083091X"
      }
    ],
    "name": [
      {
        "use": "official",
        "family": "Cassin499",
        "given": ["Burl285", "Floyd420"],
        "prefix": ["Mr."]
      }
    ],
    "telecom": [
      {
        "system": "phone",
        "value": "555-353-5058",
        "use": "home"
      }
    ],
    "gender": "male",
    "birthDate": "1948",
    "deceasedDateTime": "2017",
    "address": [
      {
        "extension": [
          {
            "url": "http://hl7.org/fhir/StructureDefinition/geolocation",
            "extension": [
              {
                "url": "latitude",
                "valueDecimal": 41.894320993197226
              },
              {
                "url": "longitude",
                "valueDecimal": -71.02452028125501
              }
            ]
          }
        ],
        "line": ["449 Reichert Ferry Suite 7"],
        "city": "Taunton",
        "state": "Massachusetts",
        "postalCode": "02780",
        "country": "US"
      }
    ],
    "maritalStatus": {
      "coding": [
        {
          "system": "http://hl7.org/fhir/v3/MaritalStatus",
          "code": "M",
          "display": "M"
        }
      ],
      "text": "M"
    },
    "multipleBirthBoolean": false,
    "communication": [
      {
        "language": {
          "coding": [
            {
              "system": "urn:ietf:bcp:47",
              "code": "en-US",
              "display": "English (United States)"
            }
          ],
          "text": "English (United States)"
        }
      }
    ]
  },
  {
    "resourceType": "Patient",
    "id": "fsi-Patient-date-gYearMonth-1",
    "text": {
      "status": "generated",
      "div": "<div xmlns=\"http://www.w3.org/1999/xhtml\">Generated by <a href=\"https://github.com/synthetichealth/synthea\">Synthea</a>.Version identifier: v3.1.0-496-g055bdcfee\n .   Person seed: -2010883712512786145  Population seed: 1704441263030</div>"
    },
    "extension": [
      {
        "url": "http://hl7.org/fhir/us/core/StructureDefinition/us-core-race",
        "extension": [
          {
            "url": "ombCategory",
            "valueCoding": {
              "system": "urn:oid:2.16.840.1.113883.6.238",
              "code": "2106-3",
              "display": "White"
            }
          },
          {
            "url": "text",
            "valueString": "White"
          }
        ]
      },
      {
        "url": "http://hl7.org/fhir/us/core/StructureDefinition/us-core-ethnicity",
        "extension": [
          {
            "url": "ombCategory",
            "valueCoding": {
              "system": "urn:oid:2.16.840.1.113883.6.238",
              "code": "2186-5",
              "display": "Non Hispanic or Latino"
            }
          },
          {
            "url": "text",
            "valueString": "Non Hispanic or Latino"
          }
        ]
      },
      {
        "url": "http://hl7.org/fhir/StructureDefinition/patient-mothersMaidenName",
        "valueString": "Reginia455 Romaguera67"
      },
      {
        "url": "http://hl7.org/fhir/us/core/StructureDefinition/us-core-birthsex",
        "valueCode": "M"
      },
      {
        "url": "http://hl7.org/fhir/StructureDefinition/birthPlace",
        "valueAddress": {
          "city": "Somerville",
          "state": "Massachusetts",
          "country": "US"
        }
      },
      {
        "url": "http://synthetichealth.github.io/synthea/disability-adjusted-life-years",
        "valueDecimal": 1.7570693622882985
      },
      {
        "url": "http://synthetichealth.github.io/synthea/quality-adjusted-life-years",
        "valueDecimal": 69.24293063771171
      }
    ],
    "identifier": [
      {
        "system": "https://github.com/synthetichealth/synthea",
        "value": "18af210f-f441-2335-5418-b7c85aadeca1"
      },
      {
        "type": {
          "coding": [
            {
              "system": "http://hl7.org/fhir/v2/0203",
              "code": "MR",
              "display": "Medical Record Number"
            }
          ],
          "text": "Medical Record Number"
        },
        "system": "http://hospital.smarthealthit.org",
        "value": "18af210f-f441-2335-5418-b7c85aadeca1"
      },
      {
        "type": {
          "coding": [
            {
              "system": "http://hl7.org/fhir/identifier-type",
              "code": "SB",
              "display": "Social Security Number"
            }
          ],
          "text": "Social Security Number"
        },
        "system": "http://hl7.org/fhir/sid/us-ssn",
        "value": "999-52-5331"
      },
      {
        "type": {
          "coding": [
            {
              "system": "http://hl7.org/fhir/v2/0203",
              "code": "DL",
              "display": "Driver's license number"
            }
          ],
          "text": "Driver's license number"
        },
        "system": "urn:oid:2.16.840.1.113883.4.3.25",
        "value": "S99915432"
      },
      {
        "type": {
          "coding": [
            {
              "system": "http://hl7.org/fhir/v2/0203",
              "code": "PPN",
              "display": "Passport Number"
            }
          ],
          "text": "Passport Number"
        },
        "system": "http://standardhealthrecord.org/fhir/StructureDefinition/passportNumber",
        "value": "X27877603X"
      }
    ],
    "name": [
      {
        "use": "official",
        "family": "Runolfsdottir785",
        "given": ["Arlie183"],
        "prefix": ["Mr."]
      }
    ],
    "telecom": [
      {
        "system": "phone",
        "value": "555-672-6097",
        "use": "home"
      }
    ],
    "gender": "male",
    "birthDate": "1948-11",
    "deceasedDateTime": "2020-11",
    "address": [
      {
        "extension": [
          {
            "url": "http://hl7.org/fhir/StructureDefinition/geolocation",
            "extension": [
              {
                "url": "latitude",
                "valueDecimal": 41.96975514766738
              },
              {
                "url": "longitude",
                "valueDecimal": -70.96872676845437
              }
            ]
          }
        ],
        "line": ["1092 Luettgen Plaza"],
        "city": "Bridgewater",
        "state": "Massachusetts",
        "postalCode": "02324",
        "country": "US"
      }
    ],
    "maritalStatus": {
      "coding": [
        {
          "system": "http://hl7.org/fhir/v3/MaritalStatus",
          "code": "S",
          "display": "S"
        }
      ],
      "text": "S"
    },
    "multipleBirthBoolean": false,
    "communication": [
      {
        "language": {
          "coding": [
            {
              "system": "urn:ietf:bcp:47",
              "code": "en-US",
              "display": "English (United States)"
            }
          ],
          "text": "English (United States)"
        }
      }
    ]
  },
  {
    "resourceType": "Patient",
    "id": "fsi-Patient-date-gYearMonth-2",
    "text": {
      "status": "generated",
      "div": "<div xmlns=\"http://www.w3.org/1999/xhtml\">Generated by <a href=\"https://github.com/synthetichealth/synthea\">Synthea</a>.Version identifier: v3.1.0-496-g055bdcfee\n .   Person seed: 3331554204543220024  Population seed: 1704441263030</div>"
    },
    "extension": [
      {
        "url": "http://hl7.org/fhir/us/core/StructureDefinition/us-core-race",
        "extension": [
          {
            "url": "ombCategory",
            "valueCoding": {
              "system": "urn:oid:2.16.840.1.113883.6.238",
              "code": "2106-3",
              "display": "White"
            }
          },
          {
            "url": "text",
            "valueString": "White"
          }
        ]
      },
      {
        "url": "http://hl7.org/fhir/us/core/StructureDefinition/us-core-ethnicity",
        "extension": [
          {
            "url": "ombCategory",
            "valueCoding": {
              "system": "urn:oid:2.16.840.1.113883.6.238",
              "code": "2186-5",
              "display": "Non Hispanic or Latino"
            }
          },
          {
            "url": "text",
            "valueString": "Non Hispanic or Latino"
          }
        ]
      },
      {
        "url": "http://hl7.org/fhir/StructureDefinition/patient-mothersMaidenName",
        "valueString": "Michelle423 Koepp521"
      },
      {
        "url": "http://hl7.org/fhir/us/core/StructureDefinition/us-core-birthsex",
        "valueCode": "F"
      },
      {
        "url": "http://hl7.org/fhir/StructureDefinition/birthPlace",
        "valueAddress": {
          "city": "Boston",
          "state": "Massachusetts",
          "country": "US"
        }
      },
      {
        "url": "http://synthetichealth.github.io/synthea/disability-adjusted-life-years",
        "valueDecimal": 0.30798710991762884
      },
      {
        "url": "http://synthetichealth.github.io/synthea/quality-adjusted-life-years",
        "valueDecimal": 40.692012890082374
      }
    ],
    "identifier": [
      {
        "system": "https://github.com/synthetichealth/synthea",
        "value": "1a806740-c12c-ef92-338b-579e66162e82"
      },
      {
        "type": {
          "coding": [
            {
              "system": "http://hl7.org/fhir/v2/0203",
              "code": "MR",
              "display": "Medical Record Number"
            }
          ],
          "text": "Medical Record Number"
        },
        "system": "http://hospital.smarthealthit.org",
        "value": "1a806740-c12c-ef92-338b-579e66162e82"
      },
      {
        "type": {
          "coding": [
            {
              "system": "http://hl7.org/fhir/identifier-type",
              "code": "SB",
              "display": "Social Security Number"
            }
          ],
          "text": "Social Security Number"
        },
        "system": "http://hl7.org/fhir/sid/us-ssn",
        "value": "999-90-9916"
      },
      {
        "type": {
          "coding": [
            {
              "system": "http://hl7.org/fhir/v2/0203",
              "code": "DL",
              "display": "Driver's license number"
            }
          ],
          "text": "Driver's license number"
        },
        "system": "urn:oid:2.16.840.1.113883.4.3.25",
        "value": "S99988572"
      },
      {
        "type": {
          "coding": [
            {
              "system": "http://hl7.org/fhir/v2/0203",
              "code": "PPN",
              "display": "Passport Number"
            }
          ],
          "text": "Passport Number"
        },
        "system": "http://standardhealthrecord.org/fhir/StructureDefinition/passportNumber",
        "value": "X74096773X"
      }
    ],
    "name": [
      {
        "use": "official",
        "family": "Rolfson709",
        "given": ["Nickole723", "Lauryn321"],
        "prefix": ["Ms."]
      }
    ],
    "telecom": [
      {
        "system": "phone",
        "value": "555-565-7610",
        "use": "home"
      }
    ],
    "gender": "female",
    "birthDate": "1964-03",
    "deceasedDateTime": "2017-08",
    "address": [
      {
        "extension": [
          {
            "url": "http://hl7.org/fhir/StructureDefinition/geolocation",
            "extension": [
              {
                "url": "latitude",
                "valueDecimal": 42.08122697974389
              },
              {
                "url": "longitude",
                "valueDecimal": -70.9851760421264
              }
            ]
          }
        ],
        "line": ["1086 Kertzmann Harbor"],
        "city": "Whitman",
        "state": "Massachusetts",
        "postalCode": "00000",
        "country": "US"
      }
    ],
    "maritalStatus": {
      "coding": [
        {
          "system": "http://hl7.org/fhir/v3/MaritalStatus",
          "code": "S",
          "display": "S"
        }
      ],
      "text": "S"
    },
    "multipleBirthBoolean": false,
    "communication": [
      {
        "language": {
          "coding": [
            {
              "system": "urn:ietf:bcp:47",
              "code": "en-US",
              "display": "English (United States)"
            }
          ],
          "text": "English (United States)"
        }
      }
    ]
  },
  {
    "resourceType": "Patient",
    "id": "fsi-Patient-Identifier",
    "identifier": [
      {
        "system": "http://www.example.org",
        "value": "fsi-Patient-Identifier",
        "use": "official",
        "period": {
          "start": "2001-05-06"
        },
        "assigner": {
          "display": "Acme Healthcare"
        },
        "type": {
          "coding": [
            {
              "system": "http://terminology.hl7.org/CodeSystem/v2-0203",
              "code": "MR",
              "display": "446053"
            }
          ],
          "text": "Medical record number"
        }
      },
      {
        "value": "urn:oid:4.2.1.4.34562",
        "use": "temp",
        "period": {
          "start": "1990-05-06",
          "end": "2001-05-05"
        }
      }
    ]
  }
]
