[
  {
    "resourceType": "Procedure",
    "id": "procedure-discharge",
    "status": "completed",
    "code": {
      "coding": [
        {
          "system": "http://snomed.info/sct",
          "code": "306206005",
          "display": "Discharge from emergency department"
        }
      ]
    },
    "subject": {
      "reference": "Patient/patient-er-visit-example"
    },
    "performedDateTime": "2024-03-05T16:30:00.123Z",
    "encounter": {
      "reference": "Encounter/encounter-er-visit"
    }
  },
  {
    "resourceType": "Procedure",
    "id": "procedure-retro-chart-entry",
    "status": "completed",
    "code": {
      "coding": [
        {
          "system": "http://snomed.info/sct",
          "code": "710818004",
          "display": "Documentation of clinical findings"
        }
      ]
    },
    "subject": {
      "reference": "Patient/patient-homecare-retro"
    },
    "performedDateTime": "2024-03-16T08:30:00Z"
  },
  {
    "resourceType": "Procedure",
    "id": "procedure-bp-device-placement",
    "status": "completed",
    "code": {
      "coding": [
        {
          "system": "http://snomed.info/sct",
          "code": "73761001",
          "display": "Application of ambulatory blood pressure monitor"
        }
      ]
    },
    "subject": {
      "reference": "Patient/patient-ambulatory-bp"
    },
    "performedDateTime": "2024-03-15T08:00:00.000+02:00"
  },
  {
    "resourceType": "Procedure",
    "id": "procedure-holter-disconnect",
    "status": "completed",
    "code": {
      "coding": [
        {
          "system": "http://snomed.info/sct",
          "code": "429060002",
          "display": "Removal of cardiac monitoring device"
        }
      ]
    },
    "subject": {
      "reference": "Patient/patient-holter-monitoring"
    },
    "performedPeriod": {
      "end": "2024-03-15T17:30:00.000-05:00"
    }
  },
  {
    "resourceType": "Procedure",
    "id": "procedure-skin-lesion-excision",
    "status": "completed",
    "code": {
      "coding": [
        {
          "system": "http://snomed.info/sct",
          "code": "387713003",
          "display": "Excision of skin lesion"
        }
      ]
    },
    "subject": {
      "reference": "Patient/patient-dayonly-procedure"
    },
    "performedDateTime": "2024-01-15"
  },
  {
    "resourceType": "Procedure",
    "id": "procedure-pt-program-start",
    "status": "in-progress",
    "code": {
      "coding": [
        {
          "system": "http://snomed.info/sct",
          "code": "73658001",
          "display": "Physical therapy procedure"
        }
      ]
    },
    "subject": {
      "reference": "Patient/patient-physio-start-only"
    },
    "performedPeriod": {
      "start": "2024-01-10T08:00"
    }
  },
  {
    "resourceType": "Procedure",
    "id": "procedure-discharge-only",
    "status": "completed",
    "code": {
      "coding": [
        {
          "system": "http://snomed.info/sct",
          "code": "306206005",
          "display": "Discharge from hospital"
        }
      ]
    },
    "subject": {
      "reference": "Patient/patient-discharge-transfer"
    },
    "performedPeriod": {
      "end": "2024-01-20T17:30:00.000Z"
    }
  },
  {
    "resourceType": "Procedure",
    "id": "procedure-cross-border-knee-replacement",
    "status": "completed",
    "code": {
      "coding": [
        {
          "system": "http://snomed.info/sct",
          "code": "52734007",
          "display": "Knee replacement"
        }
      ]
    },
    "subject": {
      "reference": "Patient/patient-crosscountry-surgery"
    },
    "performedPeriod": {
      "start": "2024-01-10T08:00:00+01:00",
      "end": "2024-01-20T17:30:00-05:00"
    }
  }
]
