[
  {
    "resourceType": "ServiceRequest",
    "id": "fsi-ServiceRequest-Timing-1",
    "status": "draft",
    "intent": "order",
    "code": {
      "coding": [
        {
          "system": "http://snomed.info/sct",
          "code": "789012",
          "display": "Eye Examination"
        }
      ],
      "text": "Eye Examination"
    },
    "subject": {
      "reference": "Patient/fsi-Patient"
    },
    "occurrenceTiming": {
      "event": ["2020-10-01T09:00:00Z", "2020-10-01T11:00:00Z", "2020-10-02T09:00:00Z"],
      "repeat": {
        "frequency": 1,
        "period": 1,
        "periodUnit": "mo"
      }
    },
    "note": [{ "text": "Eye exams scheduled on the 1st and 2nd of every month." }],
    "meta": {
      "tag": [
        {
          "system": "http://hl7.org/fhir/common-tags",
          "code": "actionable"
        }
      ]
    }
  },
  {
    "resourceType": "ServiceRequest",
    "id": "fsi-ServiceRequest-Timing-2",
    "status": "draft",
    "intent": "order",
    "code": {
      "coding": [
        {
          "system": "http://snomed.info/sct",
          "code": "987654",
          "display": "Dental Checkup"
        }
      ],
      "text": "Dental Checkup"
    },
    "subject": {
      "reference": "Patient/fsi-Patient"
    },
    "occurrenceTiming": {
      "code": {
        "coding": [
          {
            "system": "http://terminology.hl7.org/CodeSystem/v3-GTSAbbreviation",
            "code": "QD",
            "display": "QD"
          }
        ],
        "text": "Once Daily"
      }
    },
    "note": [{ "text": "Regular daily dental checkup." }]
  },
  {
    "resourceType": "ServiceRequest",
    "id": "fsi-ServiceRequest-Timing-3",
    "status": "draft",
    "intent": "order",
    "code": {
      "coding": [
        {
          "system": "http://snomed.info/sct",
          "code": "123456",
          "display": "Physical Therapy"
        }
      ],
      "text": "Physical Therapy"
    },
    "subject": {
      "reference": "Patient/fsi-Patient"
    },
    "occurrenceTiming": {
      "repeat": {
        "boundsPeriod": {
          "start": "2020-06-15T13:03:23Z"
        },
        "count": 10,
        "period": 1,
        "periodUnit": "wk"
      }
    },
    "note": [{ "text": "Physical therapy sessions scheduled weekly for ten weeks." }]
  },
  {
    "resourceType": "ServiceRequest",
    "id": "fsi-ServiceRequest-Timing-4",
    "status": "draft",
    "intent": "order",
    "code": {
      "coding": [
        {
          "system": "http://snomed.info/sct",
          "code": "2345678",
          "display": "MRI Scan"
        }
      ],
      "text": "MRI Scan"
    },
    "subject": {
      "reference": "Patient/fsi-Patient"
    },
    "occurrenceTiming": {
      "repeat": {
        "boundsPeriod": {
          "start": "2020-06-15"
        },
        "frequency": 1,
        "period": 1,
        "periodUnit": "d"
      }
    },
    "note": [{ "text": "Patient should be fasting for 4 hours prior to the scan." }]
  },
  {
    "resourceType": "ServiceRequest",
    "id": "fsi-ServiceRequest-Timing-5",
    "status": "draft",
    "intent": "order",
    "code": {
      "coding": [
        {
          "system": "http://snomed.info/sct",
          "code": "678901",
          "display": "Medication Administration"
        }
      ],
      "text": "Medication Administration"
    },
    "subject": {
      "reference": "Patient/fsi-Patient"
    },
    "occurrenceTiming": {
      "repeat": {
        "boundsPeriod": {
          "start": "2020-06"
        },
        "count": 5,
        "period": 2,
        "periodUnit": "wk"
      }
    },
    "note": [
      {
        "text": "Medication administration scheduled for a 5-time course every 2 weeks between April 1, 2025, and June 30, 2025."
      }
    ]
  },
  {
    "resourceType": "ServiceRequest",
    "id": "fsi-ServiceRequest-Timing-6",
    "status": "draft",
    "intent": "order",
    "code": {
      "coding": [
        {
          "system": "http://snomed.info/sct",
          "code": "901234",
          "display": "Vaccination"
        }
      ],
      "text": "Vaccination"
    },
    "subject": {
      "reference": "Patient/fsi-Patient"
    },
    "occurrenceTiming": {
      "repeat": {
        "boundsPeriod": {
          "start": "2020"
        },
        "frequency": 3,
        "period": 1,
        "periodUnit": "mo"
      }
    },
    "note": [{ "text": "Vaccination scheduled every 3 months throughout the year 2024." }]
  },
  {
    "resourceType": "ServiceRequest",
    "id": "fsi-ServiceRequest-Timing-7",
    "status": "draft",
    "intent": "order",
    "code": {
      "coding": [
        {
          "system": "http://snomed.info/sct",
          "code": "101010",
          "display": "Bone Density Test"
        }
      ],
      "text": "Bone Density Test"
    },
    "subject": {
      "reference": "Patient/fsi-Patient"
    },
    "occurrenceTiming": {
      "repeat": {
        "boundsPeriod": {
          "end": "2021-01-01T01:00:00+01:00"
        },
        "frequency": 1,
        "period": 6,
        "periodUnit": "mo"
      }
    },
    "note": [
      {
        "text": "Scheduled bone density tests every 6 months between April 1, 2033, and June 30, 2033."
      }
    ]
  },
  {
    "resourceType": "ServiceRequest",
    "id": "fsi-ServiceRequest-Timing-8",
    "status": "draft",
    "intent": "order",
    "code": {
      "coding": [
        {
          "system": "http://snomed.info/sct",
          "code": "901234",
          "display": "Physical Examination"
        }
      ],
      "text": "Physical Examination"
    },
    "subject": {
      "reference": "Patient/fsi-Patient"
    },
    "occurrenceTiming": {
      "repeat": {
        "boundsPeriod": {
          "end": "2021-01-01"
        },
        "frequency": 1,
        "period": 3,
        "periodUnit": "mo"
      }
    },
    "note": [
      {
        "text": "Scheduled physical examinations every 3 months between September 1, 2032, and November 30, 2032."
      }
    ]
  },
  {
    "resourceType": "ServiceRequest",
    "id": "fsi-ServiceRequest-Timing-9",
    "status": "draft",
    "intent": "order",
    "code": {
      "coding": [
        {
          "system": "http://snomed.info/sct",
          "code": "345678",
          "display": "Physical Therapy Session"
        }
      ],
      "text": "Physical Therapy Session"
    },
    "subject": {
      "reference": "Patient/fsi-Patient"
    },
    "occurrenceTiming": {
      "repeat": {
        "boundsPeriod": {
          "end": "2021-01"
        },
        "frequency": 2,
        "period": 1,
        "periodUnit": "wk"
      }
    },
    "note": [
      {
        "text": "Physical therapy sessions scheduled twice a week between January 15, 2026, and March 15, 2026."
      }
    ]
  },
  {
    "resourceType": "ServiceRequest",
    "id": "fsi-ServiceRequest-Timing-10",
    "status": "draft",
    "intent": "order",
    "code": {
      "coding": [
        {
          "system": "http://snomed.info/sct",
          "code": "890123",
          "display": "Ultrasound"
        }
      ],
      "text": "Ultrasound"
    },
    "subject": {
      "reference": "Patient/fsi-Patient"
    },
    "occurrenceTiming": {
      "repeat": {
        "boundsPeriod": {
          "end": "2021"
        },
        "frequency": 3,
        "period": 1,
        "periodUnit": "wk"
      }
    },
    "note": [{ "text": "Scheduled ultrasound exams three times a week throughout December 2031." }]
  },
  {
    "resourceType": "ServiceRequest",
    "id": "fsi-ServiceRequest-Timing-11",
    "status": "draft",
    "intent": "order",
    "code": {
      "coding": [
        {
          "system": "http://snomed.info/sct",
          "code": "789012",
          "display": "X-ray Imaging"
        }
      ],
      "text": "X-ray Imaging"
    },
    "subject": {
      "reference": "Patient/fsi-Patient"
    },
    "occurrenceTiming": {
      "repeat": {
        "boundsPeriod": {
          "start": "2020-06-15T13:03:23Z",
          "end": "2021-01-01T01:00:00+01:00"
        },
        "frequency": 2,
        "period": 14,
        "periodUnit": "d"
      }
    },
    "note": [
      {
        "text": "Scheduled X-ray imaging every 14 days, twice a month, between June 15, 2030, and August 15, 2030."
      }
    ]
  },
  {
    "resourceType": "ServiceRequest",
    "id": "fsi-ServiceRequest-Timing-12",
    "status": "draft",
    "intent": "order",
    "code": {
      "coding": [
        {
          "system": "http://snomed.info/sct",
          "code": "456789",
          "display": "Chiropractic Adjustment"
        }
      ],
      "text": "Chiropractic Adjustment"
    },
    "subject": {
      "reference": "Patient/fsi-Patient"
    },
    "occurrenceTiming": {
      "repeat": {
        "boundsPeriod": {
          "start": "2020-06-15T13:03:23Z",
          "end": "2021-01-01T00:59:59+01:00"
        },
        "frequency": 1,
        "period": 2,
        "periodUnit": "wk"
      }
    },
    "note": [
      {
        "text": "Chiropractic adjustments scheduled every 2 weeks between July 1, 2027, and August 31, 2027."
      }
    ]
  },
  {
    "resourceType": "ServiceRequest",
    "id": "fsi-ServiceRequest-Timing-13",
    "status": "draft",
    "intent": "order",
    "code": {
      "coding": [
        {
          "system": "http://snomed.info/sct",
          "code": "678901",
          "display": "MRI Scan"
        }
      ],
      "text": "MRI Scan"
    },
    "subject": {
      "reference": "Patient/fsi-Patient"
    },
    "occurrenceTiming": {
      "repeat": {
        "boundsPeriod": {
          "start": "2020-06-15",
          "end": "2021-01-01"
        },
        "frequency": 1,
        "period": 7,
        "periodUnit": "d"
      }
    },
    "note": [{ "text": "MRI scans scheduled every 7 days throughout October 2029." }]
  },
  {
    "resourceType": "ServiceRequest",
    "id": "fsi-ServiceRequest-Timing-14",
    "status": "draft",
    "intent": "order",
    "code": {
      "coding": [
        {
          "system": "http://snomed.info/sct",
          "code": "567890",
          "display": "Lab Test"
        }
      ],
      "text": "Lab Test"
    },
    "subject": {
      "reference": "Patient/fsi-Patient"
    },
    "occurrenceTiming": {
      "repeat": {
        "boundsPeriod": {
          "start": "2020-06",
          "end": "2021-01"
        },
        "count": 3,
        "period": 1,
        "periodUnit": "mo"
      }
    },
    "note": [
      {
        "text": "Lab tests scheduled monthly for a course of three months between April 1, 2028, and May 31, 2028."
      }
    ]
  },
  {
    "resourceType": "ServiceRequest",
    "id": "fsi-ServiceRequest-Timing-15",
    "status": "draft",
    "intent": "order",
    "code": {
      "coding": [
        {
          "system": "http://snomed.info/sct",
          "code": "111111",
          "display": "Blood Pressure Monitoring"
        }
      ],
      "text": "Blood Pressure Monitoring"
    },
    "subject": {
      "reference": "Patient/fsi-Patient"
    },
    "occurrenceTiming": {
      "repeat": {
        "boundsPeriod": {
          "start": "2020",
          "end": "2021"
        },
        "frequency": 2,
        "period": 1,
        "periodUnit": "wk"
      }
    },
    "note": [
      {
        "text": "Scheduled blood pressure monitoring twice a week between October 1, 2034, and December 31, 2034."
      }
    ]
  },
  {
    "resourceType": "ServiceRequest",
    "id": "fsi-ServiceRequest-Timing-16",
    "status": "draft",
    "intent": "order",
    "code": {
      "coding": [
        {
          "system": "http://snomed.info/sct",
          "code": "121212",
          "display": "EKG Test"
        }
      ],
      "text": "EKG Test"
    },
    "subject": {
      "reference": "Patient/fsi-Patient"
    },
    "occurrenceTiming": {
      "repeat": {
        "boundsPeriod": {
          "start": "2020-06-15T13:03:23-01:00",
          "end": "2020-07-15T13:03:23-01:00"
        },
        "frequency": 1,
        "period": 3,
        "periodUnit": "mo"
      }
    },
    "note": [
      { "text": "Scheduled EKG tests every 3 months between July 1, 2035, and September 30, 2035." }
    ]
  },
  {
    "resourceType": "ServiceRequest",
    "id": "fsi-ServiceRequest-Timing-17",
    "status": "draft",
    "intent": "order",
    "code": {
      "coding": [
        {
          "system": "http://snomed.info/sct",
          "code": "131313",
          "display": "Dental Cleaning"
        }
      ],
      "text": "Dental Cleaning"
    },
    "subject": {
      "reference": "Patient/fsi-Patient"
    },
    "occurrenceTiming": {
      "repeat": {
        "boundsPeriod": {
          "start": "2020-06-15T00:00:00Z",
          "end": "2020-06-15T23:59:59Z"
        },
        "frequency": 1,
        "period": 4,
        "periodUnit": "wk"
      }
    },
    "note": [
      {
        "text": "Scheduled dental cleanings every 4 weeks between April 1, 2036, and June 30, 2036."
      }
    ]
  },
  {
    "resourceType": "ServiceRequest",
    "id": "fsi-ServiceRequest-Timing-18",
    "status": "draft",
    "intent": "order",
    "code": {
      "coding": [
        {
          "system": "http://snomed.info/sct",
          "code": "141414",
          "display": "Vision Checkup"
        }
      ],
      "text": "Vision Checkup"
    },
    "subject": {
      "reference": "Patient/fsi-Patient"
    },
    "occurrenceTiming": {
      "repeat": {
        "boundsPeriod": {
          "start": "2020-06-15T00:00:00Z",
          "end": "2020-06-16T00:00:00Z"
        },
        "frequency": 1,
        "period": 2,
        "periodUnit": "mo"
      }
    },
    "note": [
      {
        "text": "Scheduled vision checkups every 2 months between January 1, 2037, and March 31, 2037."
      }
    ]
  }
]
